Workbook

Sheet 1_README
A1: Ontario Ministry FOI Performance Review & Branch RIM Toolkit (2023–2025)
A3: Author | B3: Yuxin (Cindy) Wang — independent practice project
A4: Purpose | B4: Analyze how high-volume Ontario ministries handle FIPPA access requests, and design an illustrative records and information management (RIM) toolkit for a branch.
A5: Data source | B5: IPC Statistical Reports 2023, 2024 and 2025: table 'Response rates (provincial institutions except colleges, universities, and hospitals)'.
A6: Scope | B6: Eight ministries reported in all three years plus the provincial total. Ministry of Health is excluded because it does not appear in the 2024 FIPPA table.
A7: Units | B7: Counts of requests; percentages as reported by the IPC (share of completed requests).
A8: 30-day standard | B8: Data covers 2023–2025 and is measured against FIPPA's 30-calendar-day standard. From July 1, 2026 the general response time is 45 business days.
A9: Provincial totals | B9: Totals are taken from each table's Total row. The headline figures on each report's summary page differ slightly (see 2_Raw_Data notes).
A10: Context data | B10: 10_Context_Data: requester source and request outcomes for ALL provincial institutions (incl. colleges, universities, hospitals), and IPC access appeals 2021–2025. Not broken down by ministry.
A11: Toolkit sheets | B11: 6_File_Plan, 7_Retention_Crosswalk, 8_FOI_Workflow, 9_Training and 11_Search_Log are ILLUSTRATIVE designs for a hypothetical branch. Retention periods must be confirmed against the applicable approved OPS common or ministry records schedule.
A12: Colour code | B12: Blue = input from source; black = formula; green = reference to another sheet.
A15: Sources
A16: 2023 | B16: IPC 2023 Statistical Report, pp. 4–6 (printed): https://www.ipc.on.ca/sites/default/files/documents/ar-2023-statistical%20report_0.pdf
A17: 2024 | B17: IPC 2024 Statistical Report, pp. 5–7 (printed): https://www.ipc.on.ca/sites/default/files/documents/ipc-2024-statistical-report.pdf
A18: 2025 | B18: IPC 2025 Statistical Report, pp. 5–9 (printed): https://www.ipc.on.ca/sites/default/files/documents/2025-ar_ipc-statistics_acc_ua.pdf

Sheet 2_Raw_Data
A1: Year | B1: Code | C1: Institution | D1: Requests received | E1: Requests completed | F1: Within 30 days | G1: % within 30 days (reported) | H1: Extended compliance % (reported) | I1: Over 90 days | J1: % over 90 days (reported) | K1: Source
A2: 2023 | B2: MECP | C2: Ministry of the Environment, Conservation and Parks | D2: 7532 | E2: 12620 | F2: 5712 | G2: 0.453 | H2: 0.499 | I2: 5962 | J2: 0.472 | K2: IPC 2023 Statistical Report, pp. 4–6 (printed)
A3: 2023 | B3: SOLGEN | C3: Ministry of the Solicitor General | D3: 8241 | E3: 7670 | F3: 6250 | G3: 0.815 | H3: 0.908 | I3: 338 | J3: 0.044 | K3: IPC 2023 Statistical Report, pp. 4–6 (printed)
A4: 2023 | B4: MCCSS | C4: Ministry of Children, Community and Social Services | D4: 3957 | E4: 3907 | F4: 3541 | G4: 0.906 | H4: 0.927 | I4: 87 | J4: 0.022 | K4: IPC 2023 Statistical Report, pp. 4–6 (printed)
A5: 2023 | B5: MLITSD | C5: Ministry of Labour, Immigration, Training and Skills Development | D5: 982 | E5: 966 | F5: 841 | G5: 0.871 | H5: 0.924 | I5: 35 | J5: 0.036 | K5: IPC 2023 Statistical Report, pp. 4–6 (printed)
A6: 2023 | B6: MTO | C6: Ministry of Transportation | D6: 894 | E6: 754 | F6: 653 | G6: 0.866 | H6: 0.927 | I6: 48 | J6: 0.064 | K6: IPC 2023 Statistical Report, pp. 4–6 (printed)
A7: 2023 | B7: MPBSD | C7: Ministry of Public and Business Service Delivery (and Procurement) | D7: 601 | E7: 569 | F7: 511 | G7: 0.898 | H7: 0.937 | I7: 16 | J7: 0.028 | K7: IPC 2023 Statistical Report, pp. 4–6 (printed)
A8: 2023 | B8: MAG | C8: Ministry of the Attorney General | D8: 399 | E8: 305 | F8: 262 | G8: 0.859 | H8: 0.977 | I8: 4 | J8: 0.013 | K8: IPC 2023 Statistical Report, pp. 4–6 (printed)
A9: 2023 | B9: MMAH | C9: Ministry of Municipal Affairs and Housing | D9: 305 | E9: 213 | F9: 116 | G9: 0.545 | H9: 0.723 | I9: 50 | J9: 0.235 | K9: IPC 2023 Statistical Report, pp. 4–6 (printed)
A10: 2023 | B10: TOTAL | C10: All provincial institutions (table total) | D10: 25725 | E10: 29507 | F10: 19650 | G10: 0.666 | H10: 0.738 | I10: 6757 | J10: 0.229 | K10: IPC 2023 Statistical Report, pp. 4–6 (printed)
A11: 2024 | B11: MECP | C11: Ministry of the Environment, Conservation and Parks | D11: 8333 | E11: 9093 | F11: 6955 | G11: 0.765 | H11: 0.845 | I11: 1013 | J11: 0.111 | K11: IPC 2024 Statistical Report, pp. 5–7 (printed)
A12: 2024 | B12: SOLGEN | C12: Ministry of the Solicitor General | D12: 8489 | E12: 7384 | F12: 5625 | G12: 0.762 | H12: 0.85 | I12: 445 | J12: 0.06 | K12: IPC 2024 Statistical Report, pp. 5–7 (printed)
A13: 2024 | B13: MCCSS | C13: Ministry of Children, Community and Social Services | D13: 4333 | E13: 4303 | F13: 3753 | G13: 0.872 | H13: 0.896 | I13: 67 | J13: 0.016 | K13: IPC 2024 Statistical Report, pp. 5–7 (printed)
... A28: 2025 | B28: TOTAL | C28: All provincial institutions (table total) | D28: 31042 | E28: 27256 | F28: 19410 | G28: 0.712 | H28: 0.794 | I28: 2805 | J28: 0.103 | K28: IPC 2025 Statistical Report, pp. 5–9 (printed)
A30: Notes
A31: 2023: headline summary-page figures were 67.2% within 30 days, 74.8% extended, 22.0% over 90 days.
A32: 2024: headline summary-page figures were 78.2% within 30 days, 87.4% extended, 7.5% over 90 days.
A33: 2025: headline summary-page figures were 72.1% within 30 days, 80.6% extended, 9.8% over 90 days.
A34: 2023 MPBSD was listed as 'Ministry of Public and Business Service Delivery'; 2024–2025 add 'and Procurement'.

Sheet 3_Calc
A1: Year | B1: Code | C1: Requests received | D1: Requests completed | E1: Completed ÷ received | F1: Net backlog change (received − completed) | G1: % within 30 days (calc) | H1: Check vs reported (pp) | I1: % over 90 days (calc) | J1: Check vs reported (pp) | K1: Share of provincial requests
A2: ='2_Raw_Data'!A2 | B2: ='2_Raw_Data'!B2 | C2: ='2_Raw_Data'!D2 | D2: ='2_Raw_Data'!E2 | E2: =IFERROR(D2/C2,"n/a") | F2: =C2-D2 | G2: =IFERROR('2_Raw_Data'!F2/D2,"n/a") | H2: =IFERROR((G2-'2_Raw_Data'!G2)*100,"n/a") | I2: =IFERROR('2_Raw_Data'!I2/D2,"n/a") | J2: =IFERROR((I2-'2_Raw_Data'!J2)*100,"n/a") | K2: =C2/SUMIFS(C:C,A:A,A2,B:B,"TOTAL")
A3: ='2_Raw_Data'!A3 | B3: ='2_Raw_Data'!B3 | C3: ='2_Raw_Data'!D3 | D3: ='2_Raw_Data'!E3 | E3: =IFERROR(D3/C3,"n/a") | F3: =C3-D3 | G3: =IFERROR('2_Raw_Data'!F3/D3,"n/a") | H3: =IFERROR((G3-'2_Raw_Data'!G3)*100,"n/a") | I3: =IFERROR('2_Raw_Data'!I3/D3,"n/a") | J3: =IFERROR((I3-'2_Raw_Data'!J3)*100,"n/a") | K3: =C3/SUMIFS(C:C,A:A,A3,B:B,"TOTAL")
A4: ='2_Raw_Data'!A4 | B4: ='2_Raw_Data'!B4 | C4: ='2_Raw_Data'!D4 | D4: ='2_Raw_Data'!E4 | E4: =IFERROR(D4/C4,"n/a") | F4: =C4-D4 | G4: =IFERROR('2_Raw_Data'!F4/D4,"n/a") | H4: =IFERROR((G4-'2_Raw_Data'!G4)*100,"n/a") | I4: =IFERROR('2_Raw_Data'!I4/D4,"n/a") | J4: =IFERROR((I4-'2_Raw_Data'!J4)*100,"n/a") | K4: =C4/SUMIFS(C:C,A:A,A4,B:B,"TOTAL")
A5: ='2_Raw_Data'!A5 | B5: ='2_Raw_Data'!B5 | C5: ='2_Raw_Data'!D5 | D5: ='2_Raw_Data'!E5 | E5: =IFERROR(D5/C5,"n/a") | F5: =C5-D5 | G5: =IFERROR('2_Raw_Data'!F5/D5,"n/a") | H5: =IFERROR((G5-'2_Raw_Data'!G5)*100,"n/a") | I5: =IFERROR('2_Raw_Data'!I5/D5,"n/a") | J5: =IFERROR((I5-'2_Raw_Data'!J5)*100,"n/a") | K5: =C5/SUMIFS(C:C,A:A,A5,B:B,"TOTAL")
A6: ='2_Raw_Data'!A6 | B6: ='2_Raw_Data'!B6 | C6: ='2_Raw_Data'!D6 | D6: ='2_Raw_Data'!E6 | E6: =IFERROR(D6/C6,"n/a") | F6: =C6-D6 | G6: =IFERROR('2_Raw_Data'!F6/D6,"n/a") | H6: =IFERROR((G6-'2_Raw_Data'!G6)*100,"n/a") | I6: =IFERROR('2_Raw_Data'!I6/D6,"n/a") | J6: =IFERROR((I6-'2_Raw_Data'!J6)*100,"n/a") | K6: =C6/SUMIFS(C:C,A:A,A6,B:B,"TOTAL")
A7: ='2_Raw_Data'!A7 | B7: ='2_Raw_Data'!B7 | C7: ='2_Raw_Data'!D7 | D7: ='2_Raw_Data'!E7 | E7: =IFERROR(D7/C7,"n/a") | F7: =C7-D7 | G7: =IFERROR('2_Raw_Data'!F7/D7,"n/a") | H7: =IFERROR((G7-'2_Raw_Data'!G7)*100,"n/a") | I7: =IFERROR('2_Raw_Data'!I7/D7,"n/a") | J7: =IFERROR((I7-'2_Raw_Data'!J7)*100,"n/a") | K7: =C7/SUMIFS(C:C,A:A,A7,B:B,"TOTAL")
A8: ='2_Raw_Data'!A8 | B8: ='2_Raw_Data'!B8 | C8: ='2_Raw_Data'!D8 | D8: ='2_Raw_Data'!E8 | E8: =IFERROR(D8/C8,"n/a") | F8: =C8-D8 | G8: =IFERROR('2_Raw_Data'!F8/D8,"n/a") | H8: =IFERROR((G8-'2_Raw_Data'!G8)*100,"n/a") | I8: =IFERROR('2_Raw_Data'!I8/D8,"n/a") | J8: =IFERROR((I8-'2_Raw_Data'!J8)*100,"n/a") | K8: =C8/SUMIFS(C:C,A:A,A8,B:B,"TOTAL")
A9: ='2_Raw_Data'!A9 | B9: ='2_Raw_Data'!B9 | C9: ='2_Raw_Data'!D9 | D9: ='2_Raw_Data'!E9 | E9: =IFERROR(D9/C9,"n/a") | F9: =C9-D9 | G9: =IFERROR('2_Raw_Data'!F9/D9,"n/a") | H9: =IFERROR((G9-'2_Raw_Data'!G9)*100,"n/a") | I9: =IFERROR('2_Raw_Data'!I9/D9,"n/a") | J9: =IFERROR((I9-'2_Raw_Data'!J9)*100,"n/a") | K9: =C9/SUMIFS(C:C,A:A,A9,B:B,"TOTAL")
A10: ='2_Raw_Data'!A10 | B10: ='2_Raw_Data'!B10 | C10: ='2_Raw_Data'!D10 | D10: ='2_Raw_Data'!E10 | E10: =IFERROR(D10/C10,"n/a") | F10: =C10-D10 | G10: =IFERROR('2_Raw_Data'!F10/D10,"n/a") | H10: =IFERROR((G10-'2_Raw_Data'!G10)*100,"n/a") | I10: =IFERROR('2_Raw_Data'!I10/D10,"n/a") | J10: =IFERROR((I10-'2_Raw_Data'!J10)*100,"n/a") | K10: =C10/SUMIFS(C:C,A:A,A10,B:B,"TOTAL")
A11: ='2_Raw_Data'!A11 | B11: ='2_Raw_Data'!B11 | C11: ='2_Raw_Data'!D11 | D11: ='2_Raw_Data'!E11 | E11: =IFERROR(D11/C11,"n/a") | F11: =C11-D11 | G11: =IFERROR('2_Raw_Data'!F11/D11,"n/a") | H11: =IFERROR((G11-'2_Raw_Data'!G11)*100,"n/a") | I11: =IFERROR('2_Raw_Data'!I11/D11,"n/a") | J11: =IFERROR((I11-'2_Raw_Data'!J11)*100,"n/a") | K11: =C11/SUMIFS(C:C,A:A,A11,B:B,"TOTAL")
A12: ='2_Raw_Data'!A12 | B12: ='2_Raw_Data'!B12 | C12: ='2_Raw_Data'!D12 | D12: ='2_Raw_Data'!E12 | E12: =IFERROR(D12/C12,"n/a") | F12: =C12-D12 | G12: =IFERROR('2_Raw_Data'!F12/D12,"n/a") | H12: =IFERROR((G12-'2_Raw_Data'!G12)*100,"n/a") | I12: =IFERROR('2_Raw_Data'!I12/D12,"n/a") | J12: =IFERROR((I12-'2_Raw_Data'!J12)*100,"n/a") | K12: =C12/SUMIFS(C:C,A:A,A12,B:B,"TOTAL")
A13: ='2_Raw_Data'!A13 | B13: ='2_Raw_Data'!B13 | C13: ='2_Raw_Data'!D13 | D13: ='2_Raw_Data'!E13 | E13: =IFERROR(D13/C13,"n/a") | F13: =C13-D13 | G13: =IFERROR('2_Raw_Data'!F13/D13,"n/a") | H13: =IFERROR((G13-'2_Raw_Data'!G13)*100,"n/a") | I13: =IFERROR('2_Raw_Data'!I13/D13,"n/a") | J13: =IFERROR((I13-'2_Raw_Data'!J13)*100,"n/a") | K13: =C13/SUMIFS(C:C,A:A,A13,B:B,"TOTAL")
... A28: ='2_Raw_Data'!A28 | B28: ='2_Raw_Data'!B28 | C28: ='2_Raw_Data'!D28 | D28: ='2_Raw_Data'!E28 | E28: =IFERROR(D28/C28,"n/a") | F28: =C28-D28 | G28: =IFERROR('2_Raw_Data'!F28/D28,"n/a") | H28: =IFERROR((G28-'2_Raw_Data'!G28)*100,"n/a") | I28: =IFERROR('2_Raw_Data'!I28/D28,"n/a") | J28: =IFERROR((I28-'2_Raw_Data'!J28)*100,"n/a") | K28: =C28/SUMIFS(C:C,A:A,A28,B:B,"TOTAL")
A30: Check columns show the gap (percentage points) between the calculated rate and the IPC's reported rate; gaps under 1 pp reflect IPC rounding.

Sheet 4_MECP_Spotlight
A1: Ministry of the Environment, Conservation and Parks: FOI performance 2023–2025
A3: Metric | B3: 2023 | C3: 2024 | D3: 2025 | E3: Change 2023→2025
A4: Requests received | B4: ='2_Raw_Data'!D2 | C4: ='2_Raw_Data'!D11 | D4: ='2_Raw_Data'!D20 | E4: =D4-B4
A5: Requests completed | B5: ='2_Raw_Data'!E2 | C5: ='2_Raw_Data'!E11 | D5: ='2_Raw_Data'!E20 | E5: =D5-B5
A6: % completed within 30 days | B6: ='2_Raw_Data'!G2 | C6: ='2_Raw_Data'!G11 | D6: ='2_Raw_Data'!G20 | E6: =(D6-B6)*100
A7: Extended compliance % | B7: ='2_Raw_Data'!H2 | C7: ='2_Raw_Data'!H11 | D7: ='2_Raw_Data'!H20 | E7: =(D7-B7)*100
A8: Completed requests over 90 days | B8: ='2_Raw_Data'!I2 | C8: ='2_Raw_Data'!I11 | D8: ='2_Raw_Data'!I20 | E8: =D8-B8
A9: % over 90 days | B9: ='2_Raw_Data'!J2 | C9: ='2_Raw_Data'!J11 | D9: ='2_Raw_Data'!J20 | E9: =(D9-B9)*100
A10: Share of all provincial FOI requests | B10: ='2_Raw_Data'!D2/'2_Raw_Data'!D10 | C10: ='2_Raw_Data'!D11/'2_Raw_Data'!D19 | D10: ='2_Raw_Data'!D20/'2_Raw_Data'!D28 | E10: =(D10-B10)*100
A12: Reading: MECP completed 12,620 requests in 2023 against 7,532 received, clearing a backlog; its over-90-day share then fell from 47.2% to 11–12%. Volume keeps rising, and 30-day performance slipped from 76.5% (2024) to 74.0% (2025).

Sheet 5_Charts
A1: Chart data
A3: Ministry (2025) | B3: Requests received | C3: % within 30 days
A4: SOLGEN | B4: ='2_Raw_Data'!D21 | C4: ='2_Raw_Data'!G21
A5: MECP | B5: ='2_Raw_Data'!D20 | C5: ='2_Raw_Data'!G20
A6: MCCSS | B6: ='2_Raw_Data'!D22 | C6: ='2_Raw_Data'!G22
A7: MLITSD | B7: ='2_Raw_Data'!D23 | C7: ='2_Raw_Data'!G23
A8: MTO | B8: ='2_Raw_Data'!D24 | C8: ='2_Raw_Data'!G24
A9: MPBSD | B9: ='2_Raw_Data'!D25 | C9: ='2_Raw_Data'!G25
A10: MAG | B10: ='2_Raw_Data'!D26 | C10: ='2_Raw_Data'!G26
A11: MMAH | B11: ='2_Raw_Data'!D27 | C11: ='2_Raw_Data'!G27
A14: MECP | B14: % within 30 days | C14: % over 90 days
A15: 2023 | B15: ='2_Raw_Data'!G2 | C15: ='2_Raw_Data'!J2
A16: 2024 | B16: ='2_Raw_Data'!G11 | C16: ='2_Raw_Data'!J11
A17: 2025 | B17: ='2_Raw_Data'!G20 | C17: ='2_Raw_Data'!J20

Sheet 6_File_Plan
A1: Illustrative file classification plan — hypothetical Environmental Approvals & Compliance Branch
A3: Code | B3: Primary class (function) | C3: Secondary class | D3: Example records | E3: Office of primary responsibility | F3: Vital record? | G3: Contains personal information?
A4: ADM-01 | B4: Administration | C4: Policies and procedures | D4: Branch procedures manual; RIM procedures; desk instructions | E4: RIM Coordinator | F4: Yes | G4: No
A5: ADM-02 | B5: Administration | C5: Meetings and committees | D5: Agendas, minutes, action logs | E5: Branch Director's office | F5: No | G5: No
A6: ADM-03 | B6: Administration | C6: Staff training | D6: Training plans, attendance records, training materials | E6: RIM Coordinator | F6: No | G6: Yes
A7: FIN-01 | B7: Finance and procurement | C7: Budget estimates | D7: Annual estimates, variance reports | E7: Branch Supervisor | F7: No | G7: No
A8: FIN-02 | B8: Finance and procurement | C8: Purchasing | D8: Purchase requisitions, vendor quotes, invoices | E8: Branch Supervisor | F8: No | G8: No
A9: APP-01 | B9: Approvals and permits | C9: Applications | D9: Applications, supporting technical studies | E9: Approvals Section | F9: Yes | G9: Yes
A10: APP-02 | B10: Approvals and permits | C10: Technical reviews | D10: Review memos, consultant reports, correspondence | E10: Approvals Section | F10: No | G10: Yes
A11: APP-03 | B11: Approvals and permits | C11: Issued approvals | D11: Approvals, amendments, conditions | E11: Approvals Section | F11: Yes | G11: No
A12: CMP-01 | B12: Compliance and inspections | C12: Inspections | D12: Inspection reports, field notes, photographs | E12: Compliance Section | F12: Yes | G12: Yes
A13: CMP-02 | B13: Compliance and inspections | C13: Incidents and enforcement | D13: Incident reports, orders, enforcement files | E13: Compliance Section | F13: Yes | G13: Yes
A14: INF-01 | B14: Information requests | C14: FIPPA access requests | D14: Requests, search logs, decision letters, severed records | E14: RIM Coordinator | F14: No | G14: Yes
... A17: STK-02 | B17: Stakeholder relations | C17: Public and consultant inquiries | D17: Inquiry log, responses | E17: Client Services | F17: No | G17: Yes
A19: Function-based design: classes follow what the branch does, not who holds the file, so records stay findable when staff or structures change.

Sheet 7_Retention_Crosswalk
A1: Illustrative retention crosswalk — confirm every line against the applicable approved records schedule
A3: Code | B3: Record series | C3: Retention trigger | D3: Illustrative active + inactive period | E3: Final disposition | F3: Likely FIPPA considerations | G3: Authority (to confirm)
A4: ADM-01 | B4: Policies and procedures | C4: Superseded | D4: Superseded + 2 yrs | E4: Review for archival value | F4: Generally releasable | G4: OPS common / ministry records schedule
A5: ADM-03 | B5: Staff training records | C5: Employee departure | D5: Departure + 2 yrs | E5: Destroy | F5: s.21 personal privacy | G5: OPS common records schedule
A6: FIN-01 | B6: Budget estimates | C6: End of fiscal year | D6: FY + 7 yrs | E6: Destroy | F6: s.18 economic interests (case by case) | G6: OPS common records schedule
A7: APP-03 | B7: Issued approvals | C7: Approval revoked or expired | D7: Expiry + 20 yrs | E7: Transfer to Archives of Ontario (if designated) | F7: s.17 third-party information in supporting studies | G7: Ministry records schedule
A8: CMP-02 | B8: Incidents and enforcement | C8: File closed | D8: Closure + 15 yrs | E8: Review for archival value | F8: s.14 law enforcement; s.21 personal privacy | G8: Ministry records schedule
A9: INF-01 | B9: FIPPA access requests | C9: Request closed / appeal concluded | D9: Closure + 2 yrs | E9: Destroy | F9: Contains requester personal information (s.21) | G9: OPS common records schedule
A10: STK-02 | B10: Public and consultant inquiries | C10: Inquiry closed | D10: Closure + 2 yrs | E10: Destroy | F10: s.21 personal privacy | G10: OPS common records schedule
A12: Periods are placeholders for design purposes only. Under the Archives and Recordkeeping Act, 2006, public records may be disposed of only in accordance with approved records schedules.

Sheet 8_FOI_Workflow
A1: FIPPA access request workflow (requests received on or after July 1, 2026)
A3: Step | B3: Action | C3: Statutory reference / timeline | D3: Owner | E3: RIM tool used
A4: 1 | B4: Receive and log the written request; confirm the application fee | C4: FIPPA s.24 | D4: RIM Coordinator | E4: INF-01 request log
A5: 2 | B5: Contact the requester to clarify scope where needed | C5: Duty to assist requesters (expanded July 1, 2026) | D5: RIM Coordinator | E5: Request log notes
A6: 3 | B6: Search and retrieve responsive records across program areas | C6: Feeds the 45-business-day clock | D6: Program staff + RIM | E6: 6_File_Plan codes
A7: 4 | B7: Issue a fee estimate where fees exceed $25 and explain fee-waiver rights | C7: Clock pauses until fee is paid or waived | D7: RIM Coordinator | E7: Fee estimate template
A8: 5 | B8: Decide on a time extension or a staged access plan for large requests | C8: s.27(1), s.27(1.1); staged access s.24.1–24.2 | D8: RIM Coordinator + Supervisor | E8: Search log
A9: 6 | B9: Notify affected third parties and send the requester a notice of delay | C9: s.28(1): 20 business days for representations; s.28(4) notice of delay | D9: RIM Coordinator | E9: Third-party notice template
A10: 7 | B10: Review records, apply exemptions and sever | C10: e.g. s.17 third-party information, s.21 personal privacy | D10: RIM Coordinator + Legal | E10: 7_Retention_Crosswalk FIPPA column
A11: 8 | B11: Issue the decision letter with appeal rights | C11: Within 45 business days; requester may appeal to the IPC within 30 business days | D11: Delegated decision-maker | E11: Decision letter template
A12: 9 | B12: Close the file, retain per schedule, record statistics for the IPC annual report | C12: Annual statistical reporting to the IPC | D12: RIM Coordinator | E12: INF-01; statistics tracker
A14: Source: IPC, 'Updates on obligations for provincial and municipal institutions' and IPC bulletin 'Notice of Delay Versus Time Extension' (2026). Requests received before July 1, 2026 follow the previous 30-calendar-day rules.

Sheet 9_Training
A1: Branch RIM training checklist (illustrative)
A3: No. | B3: Topic | C3: Audience | D3: Format | E3: Completed?
A4: 1 | B4: Why recordkeeping matters: Archives and Recordkeeping Act, 2006 basics | C4: All staff | D4: 20-min briefing | E4: No
A5: 2 | B5: Using the branch file plan: naming, classifying and filing records | C5: All staff | D5: Hands-on demo | E5: No
A6: 3 | B6: Transitory vs. official records: what can be deleted | C6: All staff | D6: Quick-reference sheet | E6: No
A7: 4 | B7: FIPPA basics: what an access request means for your files | C7: All staff | D7: 20-min briefing | E7: No
A8: 5 | B8: Responding to a records search request within deadlines | C8: Program staff | D8: Walk-through | E8: No
A9: 6 | B9: Handling personal information and reporting privacy breaches | C9: All staff | D9: Briefing + checklist | E9: No
A10: 7 | B10: Retention and disposition: applying approved schedules | C10: Unit staff | D10: Workshop | E10: No
A11: 8 | B11: Using the records management system for searches | C11: Unit staff | D11: Hands-on demo | E11: No

Sheet 10_Context_Data
A1: Context: requester source, outcomes and appeals (all provincial institutions)
A2: Source: IPC Statistical Reports 2023–2025 (Access section; IPC Tribunal Statistics in the 2025 report). Blue = transcribed; black = formula.
A4: A. Completed provincial requests by source
A5: Source | B5: 2023 | C5: 2024 | D5: 2025 | E5: 2023 % | F5: 2024 % | G5: 2025 %
A6: Individual/public | B6: 7090 | C6: 7372 | D6: 8602 | E6: =B6/B$14 | F6: =C6/C$14 | G6: =D6/D$14
A7: Individual by agent | B7: 7237 | C7: 7236 | D7: 7533 | E7: =B7/B$14 | F7: =C7/C$14 | G7: =D7/D$14
A8: Business | B8: 14551 | C8: 10631 | D8: 10596 | E8: =B8/B$14 | F8: =C8/C$14 | G8: =D8/D$14
A9: Media | B9: 1145 | C9: 1092 | D9: 991 | E9: =B9/B$14 | F9: =C9/C$14 | G9: =D9/D$14
A10: Association/group | B10: 361 | C10: 423 | D10: 634 | E10: =B10/B$14 | F10: =C10/C$14 | G10: =D10/D$14
A11: Academic/researcher | B11: 260 | C11: 228 | D11: 212 | E11: =B11/B$14 | F11: =C11/C$14 | G11: =D11/D$14
A12: Government (all levels) | B12: 140 | C12: 149 | D12: 281 | E12: =B12/B$14 | F12: =C12/C$14 | G12: =D12/D$14
A13: Other | B13: 198 | C13: 213 | D13: 505 | E13: =B13/B$14 | F13: =C13/C$14 | G13: =D13/D$14
A14: Total | B14: =SUM(B6:B13) | C14: =SUM(C6:C13) | D14: =SUM(D6:D13) | E14: =B14/B$14 | F14: =C14/C$14 | G14: =D14/D$14
A15: Check: total vs IPC printed total (should be 0) | B15: =B14-30982 | C15: =C14-27344 | D15: =D14-29354
A17: B. Outcome of provincial requests (a request can have more than one outcome)
A18: Outcome | B18: 2023 | C18: 2024 | D18: 2025 | E18: 2023 % | F18: 2024 % | G18: 2025 % | H18: Municipal 2025 | I18: Municipal 2025 %
A19: All information disclosed | B19: 7003 | C19: 6231 | D19: 7160 | E19: =B19/B$24 | F19: =C19/C$24 | G19: =D19/D$24 | H19: 13042 | I19: =H19/H$24
A20: Disclosed in part | B20: 12550 | C20: 9769 | D20: 9498 | E20: =B20/B$24 | F20: =C20/C$24 | G20: =D20/D$24 | H20: 22535 | I20: =H20/H$24
A21: No information disclosed | B21: 2688 | C21: 2663 | D21: 2767 | E21: =B21/B$24 | F21: =C21/C$24 | G21: =D21/D$24 | H21: 6388 | I21: =H21/H$24
A22: No responsive records exist | B22: 6390 | C22: 6278 | D22: 6623 | E22: =B22/B$24 | F22: =C22/C$24 | G22: =D22/D$24 | H22: 3891 | I22: =H22/H$24
A23: Withdrawn, abandoned or non-jurisdictional | B23: 2384 | C23: 2463 | D23: 3762 | E23: =B23/B$24 | F23: =C23/C$24 | G23: =D23/D$24 | H23: 3018 | I23: =H23/H$24
A24: Total | B24: =SUM(B19:B23) | C24: =SUM(C19:C23) | D24: =SUM(D19:D23) | E24: =B24/B$24 | F24: =C24/C$24 | G24: =D24/D$24 | H24: =SUM(H19:H23) | I24: =H24/H$24
A26: C. Provincial access appeals to the IPC
A27: Year | B27: Opened | C27: Closed | D27: Opened − closed | E27: Change in opened
A28: 2021 | B28: 615 | C28: 579 | D28: =B28-C28
A29: 2022 | B29: 561 | C29: 575 | D29: =B29-C29 | E29: =B29/B28-1
A30: 2023 | B30: 698 | C30: 628 | D30: =B30-C30 | E30: =B30/B29-1
A31: 2024 | B31: 748 | C31: 609 | D31: =B31-C31 | E31: =B31/B30-1
A32: 2025 | B32: 1029 | C32: 894 | D32: =B32-C32 | E32: =B32/B31-1
A34: D. Issues in access appeals opened in 2025 (provincial + municipal)
A35: Issue | B35: Appeals | C35: Share
A36: Exemptions | B36: 957 | C36: =B36/B$42
A37: Deemed refusal | B37: 411 | C37: =B37/B$42
A38: Reasonable search | B38: 225 | C38: =B38/B$42
A39: Act does not apply | B39: 178 | C39: =B39/B$42
A40: Third-party appeals | B40: 157 | C40: =B40/B$42
A41: Other | B41: 368 | C41: =B41/B$42
A42: Total | B42: =SUM(B36:B41) | C42: =B42-2296 | D42: ← check vs IPC total (should be 0)
A43: Deemed refusal + reasonable search | C43: =(B37+B38)/B42

Sheet 11_Search_Log
A1: FOI search log template (illustrative)
A2: One row per location searched. A complete log supports extension decisions (s.27), fee estimates and the institution's position in a reasonable-search appeal. Example row is fictional.
A4: Request no. | B4: Date searched | C4: Searched by | D4: File plan code | E4: Location / system | F4: Search terms or date range | G4: Records found? | H4: No. of pages | I4: Time spent (hrs) | J4: Notes (e.g., why a location was ruled out)
A5: 2026-ENV-0001 | B5: 2026-09-15 | C5: Program analyst | D5: APP-03 | E5: Approvals database | F5: Site address; 2018–2025 | G5: Yes | H5: 42 | I5: 1.5 | J5: Fictional example row
H27: Total hours | I27: =SUM(I5:I26)
